name,artist
A State of Trance 2025,Various Artists
A State of Trance 2026,Various Artists
A. Tracks,Various Artists
AMF 2025,Various Artists
ANTS 2025 Ushuaia,Various Artists
ARC Festival 2024,Various Artists
ARTBAT Sets,ARTBAT
Above & Beyond Sets,Above & Beyond
BBC Radio 1's Big Weekend 2024,Various Artists
BBC Radio 1's Big Weekend 2025,Various Artists
Barry Can't Swim Sets,Barry Can't Swim
Becky Hill Sets,Becky Hill
Ben Hemsley Sets,Ben Hemsley
Benny Benassi Sets,Benny Benassi
Bicep Sets,Bicep
Boiler Room,Various Artists
Bonobo Sets,Bonobo
Burning Man 2024,Various Artists
CRSSD 2025,Various Artists
CamelPhat Sets,CamelPhat
Carl Cox Sets,Carl Cox
Chase & Status Sets,Chase & Status
Chris Lake Sets,Chris Lake
Chris Stussy Sets,Chris Stussy
Claptone Sets,Claptone
Classical House,Various Artists
Coachella 2002,Various Artists
Coachella 2006,Various Artists
Coachella 2008,Various Artists
Coachella 2009,Various Artists
Coachella 2010,Various Artists
Coachella 2011,Various Artists
Coachella 2012,Various Artists
Coachella 2013,Various Artists
Coachella 2014,Various Artists
Coachella 2015,Various Artists
Coachella 2016,Various Artists
Coachella 2017,Various Artists
Coachella 2019,Various Artists
Coachella 2022,Various Artists
Coachella 2024,Various Artists
Coachella 2025,Various Artists
Coachella 2026,Various Artists
Confidence Man Sets,Confidence Man
Cream Ibiza 2014,Various Artists
Creamfields 2012,Various Artists
Creamfields 2015,Various Artists
Creamfields 2017,Various Artists
Creamfields 2019,Various Artists
Creamfields 2024,Various Artists
Creamfields 2025,Various Artists
D.O.D Sets,D.O.D
DJ Seinfeld Sets,DJ Seinfeld
DJ Sneak Sets,DJ Sneak
DJS from Mars Sets,DJs from Mars
DJs from Mars Sets,DJs from Mars
Danny Howard Sets,Danny Howard
David Guetta Sets,David Guetta
Daði Freyr Sets,Daði Freyr
Dom Dolla Sets,Various Artists
Drumsheds,Various Artists
Dubtendo Sets,Dubtendo
EDC Las Vegas 2017,Various Artists
EDC Las Vegas 2024,Various Artists
EDC Las Vegas 2025,Various Artists
EDC Mexico 2026,Various Artists
EDC Orlando 2025,Various Artists
Eats Everything Sets,Eats Everything
Ella Knight Sets,Ella Knight
Eric Prydz Sets,Eric Prydz
Essential Mix,Various Artists
Europe's Biggest Dance Show,Various Artists
Europe's Biggest Dance Show 2025,Various Artists
Ewan McVicar Sets,Ewan McVicar
FISHER Sets,FISHER
Faithless Sets,Faithless
Franky Wah Sets,Franky Wah
Fred again Sets,Fred again
Fun Radio,Various Artists
Glastonbury 2014,Various Artists
Glastonbury 2017,Various Artists
Glastonbury 2020,Various Artists
Glastonbury 2025,Various Artists
Glastonbury Festival 2014,Various Artists
Glastonbury Festival 2015,Various Artists
Glastonbury Festival 2017,Various Artists
Glastonbury Festival 2020,Various Artists
Glastonbury Festival 2022,Various Artists
Gorgon City Sets,Gorgon City
Hackney Weekend 2012,Various Artists
Hannah Laing Sets,Hannah Laing
Honey Dijon Sets,Honey Dijon
Hot Since 82 Sets,Hot Since 82
Ibiza Rocks 2015,Various Artists
James Hype & MEDUZA Sets,James Hype & MEDUZA
James Hype Sets,James Hype
John Summit Sets,John Summit
KREAM,Various Artists
Kappa FuturFestival 2024,Various Artists
Kappa FuturFestival 2025,Various Artists
Lollapalooza Chicago 2025,Various Artists
MEDUZA Sets,MEDUZA
MIKA Sets,MIKA
MK & Sonny Fodera Sets,MK & Sonny Fodera
MK Sets,MK
Marco Faraone & Eats Everything Sets,Marco Faraone & Eats Everything
Massano Sets,Massano
Matt Tolfrey Sets,Matt Tolfrey
Max Dean Sets,Max Dean
Miami Music Week 2026,Various Artists
Miami WMC 2017,Various Artists
Michael Canitrot Sets,Michael Canitrot
Mint Festival,Various Artists
Oliver Heldens Sets,Oliver Heldens
Out 2 Lunch Festival,Various Artists
POSITIV Electronic Festival 2025,Various Artists
Patrick Topping Sets,Patrick Topping
Pete Tong Hot Mix,Pete Tong
Pete Tong Sets,Pete Tong
Prospa & DJ Seinfeld Sets,Prospa & DJ Seinfeld
Prospa Sets,Prospa
Purple Disco Machine Sets,Purple Disco Machine
Radio 1 Big Weekend 2022,Various Artists
Radio 1 Dance Presents...,Various Artists
"Radio 1 Residency, KETTAMA",KETTAMA
Radio 1 Sets,Radio 1
Radio 1's Dance Party,Various Artists
Radio 1's Dance Weekend,Various Artists
Ricardo Villalobos & Raresh Sets,Ricardo Villalobos & Raresh
Riordan Sets,Riordan
Rise Festival 2024,Various Artists
Rüfüs Du Sol Sets,Rüfüs Du Sol
SG Lewis Sets,SG Lewis
SOUNDSTORM 2024,Various Artists
Sander Kleinenberg Sets,Sander Kleinenberg
Schak Sets,Schak
Sebastian Ingrosso & Alesso Sets,Sebastian Ingrosso & Alesso
Sonar Festival 2012,Various Artists
Sonny Fodera Sets,Sonny Fodera
Soundstorm 2024,Various Artists
Steps Sets,Steps
Sub Focus & Dimension Sets,Various Artists
Sub Focus Sets,Sub Focus
Sven Vath & Richie Hawtin Sets,Sven Vath & Richie Hawtin
Swedish House Mafia Sets,Swedish House Mafia
Switch Disco Sets,Switch Disco
"The Residency, Chris Stussy",Chris Stussy
"The Residency, SG Lewis",SG Lewis
Tiësto Sets,Tiësto
Tomorrowland 2024,Various Artists
Tomorrowland 2025,Various Artists
Tomorrowland Brasil 2025,Various Artists
Ultra Europe 2025,Various Artists
Ultra Music Festival 2025,Various Artists
Ultra Music Festival 2026,Various Artists
Unknown Album,Unknown Artist
Ushuaia 2012,Various Artists
Ushuaia 2014,Various Artists
Ushuaia 2015,Various Artists
Ushuaia 2025,Various Artists
Vintage Culture Sets,Vintage Culture
